{
  "project_info": {
    "project_number": "949979854608",
    "project_id": "msgless-bb2db",
    "storage_bucket": "msgless-bb2db.firebasestorage.app"
  },
  "client": [
    {
      "client_info": {
        "mobilesdk_app_id": "1:949979854608:android:dfa4f5645aef0514069795",
        "android_client_info": {
          "package_name": "com.dating.app"
        }
      },
      "oauth_client": [
        {
          "client_id": "949979854608-nvfh2ig0kp6mc4t7742mo813pkosjfbg.apps.googleusercontent.com",
          "client_type": 3
        }
      ],
      "api_key": [
        {
          "current_key": "AIzaSyAud-v1V6sZpbmEX2yGEltVrcjK5X_7ZgM"
        }
      ],
      "services": {
        "appinvite_service": {
          "other_platform_oauth_client": [
            {
              "client_id": "949979854608-nvfh2ig0kp6mc4t7742mo813pkosjfbg.apps.googleusercontent.com",
              "client_type": 3
            }
          ]
        }
      }
    }
  ],
  "configuration_version": "1"
}